Date,Open,High,Low,Close,Volume,Dividends,Stock_Splits,Index,Ticker
2022-12-15 00:00:00-05:00,62.807386779785155,62.807386779785155,59.816558837890625,59.816558837890625,1318200,0.0,0.0,NASDAQ-100,GEHC
2022-12-16 00:00:00-05:00,59.81655569151941,59.81655569151941,54.83184271722613,56.566524505615234,2307500,0.0,0.0,NASDAQ-100,GEHC
2022-12-19 00:00:00-05:00,52.837956251296326,58.80964392359859,52.837956251296326,56.32725524902344,117200,0.0,0.0,NASDAQ-100,GEHC
2022-12-20 00:00:00-05:00,57.82267705203178,57.82267705203178,56.58646642103242,57.035091400146484,22200,0.0,0.0,NASDAQ-100,GEHC
2022-12-21 00:00:00-05:00,58.819614375354696,66.07735540673258,55.33031521749467,56.785850524902344,290700,0.0,0.0,NASDAQ-100,GEHC
2022-12-22 00:00:00-05:00,58.2513610385826,60.832446334288335,56.825732703360785,57.42389678955078,3253200,0.0,0.0,NASDAQ-100,GEHC
2022-12-23 00:00:00-05:00,57.912403672125,60.46058906132037,56.825735938030746,57.3242073059082,125800,0.0,0.0,NASDAQ-100,GEHC
2022-12-27 00:00:00-05:00,57.802739087198844,58.80965337521147,57.1995891913061,57.27436065673828,26500,0.0,0.0,NASDAQ-100,GEHC
2022-12-28 00:00:00-05:00,57.7528929865256,57.82267867378567,56.825735938030746,57.3242073059082,514800,0.0,0.0,NASDAQ-100,GEHC
2022-12-29 00:00:00-05:00,58.321148971031455,58.60029171494735,57.57344193294131,57.82267761230469,374800,0.0,0.0,NASDAQ-100,GEHC
2022-12-30 00:00:00-05:00,58.56041517396547,58.8196185995435,57.553500929256984,58.201515197753906,351100,0.0,0.0,NASDAQ-100,GEHC
2023-01-03 00:00:00-05:00,60.49447655993208,60.49447655993208,55.69918134130344,55.82878494262695,1794100,0.0,0.0,NASDAQ-100,GEHC
2023-01-04 00:00:00-05:00,53.96450902094326,60.52438996136078,53.336434059689765,60.3050651550293,33338500,0.0,0.0,NASDAQ-100,GEHC
2023-01-05 00:00:00-05:00,60.454607535466366,62.78745371425081,57.96225066937336,58.81962203979492,8850600,0.0,0.0,NASDAQ-100,GEHC
2023-01-06 00:00:00-05:00,59.49753927385001,59.75674269656204,57.69307165919812,58.769771575927734,5902600,0.0,0.0,NASDAQ-100,GEHC
2023-01-09 00:00:00-05:00,58.61025610613336,59.79661642576622,57.553495585739654,57.92236328125,5288900,0.0,0.0,NASDAQ-100,GEHC
2023-01-10 00:00:00-05:00,58.96915910890093,59.87637676582089,57.87750569313842,59.816558837890625,6663000,0.0,0.0,NASDAQ-100,GEHC
2023-01-11 00:00:00-05:00,60.255209810418684,66.17704752812807,59.89132788848779,64.79129791259766,9219400,0.0,0.0,NASDAQ-100,GEHC
2023-01-12 00:00:00-05:00,65.88794469512328,66.31663039486912,63.465377237933104,65.44929504394531,5819800,0.0,0.0,NASDAQ-100,GEHC
2023-01-13 00:00:00-05:00,64.80127200096253,65.29974332404686,63.54512594012516,65.23992919921875,3772100,0.0,0.0,NASDAQ-100,GEHC
2023-01-17 00:00:00-05:00,63.744518760919185,65.52905101863922,63.06659737928497,63.13638687133789,3774600,0.0,0.0,NASDAQ-100,GEHC
2023-01-18 00:00:00-05:00,63.00678015583487,63.30586220881288,61.80048038710391,61.89020538330078,2610300,0.0,0.0,NASDAQ-100,GEHC
2023-01-19 00:00:00-05:00,61.142497229354824,64.30280374288988,61.11258636248067,63.74451446533203,2585600,0.0,0.0,NASDAQ-100,GEHC
2023-01-20 00:00:00-05:00,63.76445054040468,67.61264975128375,63.34573645575618,66.56585693359375,4001600,0.0,0.0,NASDAQ-100,GEHC
2023-01-23 00:00:00-05:00,67.1440856264055,69.69626396999335,66.5738358329238,69.30744934082031,3724100,0.0,0.0,NASDAQ-100,GEHC
2023-01-24 00:00:00-05:00,68.81894245715925,70.41404900314265,68.49992114796258,69.38719940185547,2591000,0.0,0.0,NASDAQ-100,GEHC
2023-01-25 00:00:00-05:00,68.25068806124759,69.48689472979169,66.7453026369136,68.49992370605469,2802100,0.0,0.0,NASDAQ-100,GEHC
2023-01-26 00:00:00-05:00,68.30054109758609,69.23766198924304,67.59271274937139,69.00836944580078,2075900,0.0,0.0,NASDAQ-100,GEHC
2023-01-27 00:00:00-05:00,68.64947424559679,70.29443120539953,68.15100290056984,69.8657455444336,2810600,0.0,0.0,NASDAQ-100,GEHC
2023-01-30 00:00:00-05:00,68.20086061545172,73.72391703544946,67.7123531669629,71.28141021728516,4259900,0.0,0.0,NASDAQ-100,GEHC
2023-01-31 00:00:00-05:00,70.7928993583918,70.897574076729,68.29057118948654,69.30744934082031,3084300,0.0,0.0,NASDAQ-100,GEHC
2023-02-01 00:00:00-05:00,68.78904523159588,70.52372337295417,67.32353826838647,69.79595947265625,2698700,0.0,0.0,NASDAQ-100,GEHC
2023-02-02 00:00:00-05:00,69.3772412662524,71.67021259880062,68.78904870361309,70.43400573730469,2776000,0.0,0.0,NASDAQ-100,GEHC
2023-02-03 00:00:00-05:00,69.41711181952132,70.41405443847445,68.88873344844714,70.33430480957031,3074900,0.0,0.0,NASDAQ-100,GEHC
2023-02-06 00:00:00-05:00,69.69626187884217,72.12879668777904,69.32739037303722,71.64029693603516,2227400,0.0,0.0,NASDAQ-100,GEHC
2023-02-07 00:00:00-05:00,71.36116054126,71.97926014953941,70.88262469691442,71.41100311279297,1932300,0.0,0.0,NASDAQ-100,GEHC
2023-02-08 00:00:00-05:00,70.99228854174552,71.20164559539047,69.80592429835494,69.9554672241211,1111900,0.0,0.0,NASDAQ-100,GEHC
2023-02-09 00:00:00-05:00,70.03522229518406,70.76299378812463,68.00145834356361,68.20085144042969,1186000,0.0,0.0,NASDAQ-100,GEHC
2023-02-10 00:00:00-05:00,67.99148381356002,69.32739088289492,67.9815198637042,69.02830505371094,1968100,0.0,0.0,NASDAQ-100,GEHC
2023-02-13 00:00:00-05:00,68.31051373903037,69.65639253354298,67.70238566039897,69.21773529052734,2223200,0.0,0.0,NASDAQ-100,GEHC
2023-02-14 00:00:00-05:00,68.73919428244045,72.94629358078848,68.50391575069025,72.38800811767578,3036000,0.0,0.0,NASDAQ-100,GEHC
2023-02-15 00:00:00-05:00,72.47772768108742,73.31516346303484,71.50072814256237,72.09889221191406,1773000,0.0,0.0,NASDAQ-100,GEHC
2023-02-16 00:00:00-05:00,71.38109204177678,71.6004206412039,70.12494217619249,70.69320678710938,1829400,0.0,0.0,NASDAQ-100,GEHC
2023-02-17 00:00:00-05:00,70.75301835949206,73.25534644421066,70.6732611251107,72.9462890625,2408600,0.0,0.0,NASDAQ-100,GEHC
2023-02-21 00:00:00-05:00,72.39797889472183,72.8765071133615,72.02910737138254,72.2484359741211,1835500,0.0,0.0,NASDAQ-100,GEHC
2023-02-22 00:00:00-05:00,72.04904757534717,72.7768191131492,70.62641596200987,71.72006225585938,2010200,0.0,0.0,NASDAQ-100,GEHC
2023-02-23 00:00:00-05:00,72.21853261452964,75.97700329851645,72.06200731465417,75.66795349121094,3763200,0.0,0.0,NASDAQ-100,GEHC
2023-02-24 00:00:00-05:00,74.6111765231181,75.5383333955309,73.99307701222158,74.7806625366211,2102900,0.0,0.0,NASDAQ-100,GEHC
2023-02-27 00:00:00-05:00,74.77068923913245,76.7446387817154,74.34200364991871,75.80751037597656,2139600,0.0,0.0,NASDAQ-100,GEHC
2023-02-28 00:00:00-05:00,75.80751777770561,76.10659600022298,75.06978236821382,75.76763916015625,3511800,0.0,0.0,NASDAQ-100,GEHC
2023-03-01 00:00:00-05:00,75.13957939090136,75.50844334829874,74.78067938484409,75.06979370117188,2534300,0.0,0.0,NASDAQ-100,GEHC
2023-03-02 00:00:00-05:00,74.56134172999866,75.23926303645754,74.27222744867824,74.81057739257812,1391900,0.0,0.0,NASDAQ-100,GEHC
2023-03-03 00:00:00-05:00,75.29908452245523,76.66489882509167,74.89034195102376,76.13652038574219,2082700,0.0,0.0,NASDAQ-100,GEHC
2023-03-06 00:00:00-05:00,75.67791420770432,76.92409242132557,75.46854957447593,76.445556640625,1874100,0.0,0.0,NASDAQ-100,GEHC
2023-03-07 00:00:00-05:00,76.12654815987516,76.60009443969466,75.69786247785478,76.01688385009766,1709400,0.0,0.0,NASDAQ-100,GEHC
2023-03-08 00:00:00-05:00,76.01688592257682,77.16337162491814,75.86933577669159,76.39572143554688,1641300,0.0,0.0,NASDAQ-100,GEHC
2023-03-09 00:00:00-05:00,76.7645839257901,77.16336250635861,75.66794853377829,76.14647674560547,1683800,0.0,0.0,NASDAQ-100,GEHC
2023-03-10 00:00:00-05:00,75.64801289469547,76.29602720137818,74.2722346421929,74.74079895019531,3388600,0.0,0.0,NASDAQ-100,GEHC
2023-03-13 00:00:00-04:00,74.72085518642584,77.24312670319597,73.81364124981069,76.00691223144531,2272100,0.0,0.0,NASDAQ-100,GEHC
2023-03-14 00:00:00-04:00,76.45553837171383,78.51920946388763,76.11657389733965,76.90415954589844,1992300,0.0,0.0,NASDAQ-100,GEHC
2023-03-15 00:00:00-04:00,75.69785771368569,76.57516453062149,75.35889324859684,76.52532196044922,2326200,0.0,0.0,NASDAQ-100,GEHC
2023-03-16 00:00:00-04:00,75.72775644266208,77.21319873712744,75.51839941641407,76.3857421875,1624600,0.0,0.0,NASDAQ-100,GEHC
2023-03-17 00:00:00-04:00,76.62501723139184,77.3029385778357,75.19938885310853,75.6081314086914,5803300,0.0,0.0,NASDAQ-100,GEHC
2023-03-20 00:00:00-04:00,75.25919942876693,75.5782207763815,74.28219987935246,74.97008514404297,1714100,0.0,0.0,NASDAQ-100,GEHC
2023-03-21 00:00:00-04:00,75.41871364406498,76.4455633654487,75.26917072406168,76.28604888916016,1401600,0.0,0.0,NASDAQ-100,GEHC
2023-03-22 00:00:00-04:00,76.62501898913348,76.81444054215355,74.481590594144,74.5414047241211,1549800,0.0,0.0,NASDAQ-100,GEHC
2023-03-23 00:00:00-04:00,75.17943743918453,76.47545812318687,74.6410875774355,75.478515625,1393700,0.0,0.0,NASDAQ-100,GEHC
2023-03-24 00:00:00-04:00,75.02990629328723,76.25614149869352,74.66103477300668,76.22623443603516,1154800,0.0,0.0,NASDAQ-100,GEHC
2023-03-27 00:00:00-04:00,76.58513394483771,77.22317663131982,76.03183047074023,76.14647674560547,1196600,0.0,0.0,NASDAQ-100,GEHC
2023-03-28 00:00:00-04:00,76.14647964768649,76.70477272418749,75.91718708921726,76.6648941040039,760800,0.0,0.0,NASDAQ-100,GEHC
2023-03-29 00:00:00-04:00,77.12348461145292,79.2270342277753,76.82439877170259,78.99773406982422,1786000,0.0,0.0,NASDAQ-100,GEHC
2023-03-30 00:00:00-04:00,79.53607752127918,82.03740912258448,79.25693481688246,81.88886260986328,2188900,0.0,0.0,NASDAQ-100,GEHC
2023-03-31 00:00:00-04:00,81.99854157466687,82.33749846035391,81.33059175446976,81.77921295166016,1916200,0.0,0.0,NASDAQ-100,GEHC
2023-04-03 00:00:00-04:00,81.74930467219994,82.36741190912598,81.22092623702147,81.55988311767578,1913100,0.0,0.0,NASDAQ-100,GEHC
2023-04-04 00:00:00-04:00,81.74930345186402,81.90881793878097,81.22092502457308,81.3405532836914,1552700,0.0,0.0,NASDAQ-100,GEHC
2023-04-05 00:00:00-04:00,81.25082950382321,81.5499153542404,80.40342973573335,80.87199401855469,1410600,0.0,0.0,NASDAQ-100,GEHC
2023-04-06 00:00:00-04:00,80.72244571541255,80.81216690091878,79.84513133587458,79.91492462158203,1356700,0.0,0.0,NASDAQ-100,GEHC
2023-04-10 00:00:00-04:00,79.6856268433281,80.38348366049469,79.45632668564829,80.3436050415039,1579200,0.0,0.0,NASDAQ-100,GEHC
2023-04-11 00:00:00-04:00,80.3436050415039,80.43831581084841,79.71553390605396,80.3436050415039,1167000,0.0,0.0,NASDAQ-100,GEHC
2023-04-12 00:00:00-04:00,80.75733602821074,81.64960395276478,80.36055784602436,81.50006103515625,1232000,0.0,0.0,NASDAQ-100,GEHC
2023-04-13 00:00:00-04:00,81.40037485928637,82.91771724184335,81.13119606466059,82.68643188476562,1252800,0.0,0.0,NASDAQ-100,GEHC
2023-04-14 00:00:00-04:00,82.1979136892687,83.0253778662995,81.72935706000473,82.1181640625,1163600,0.0,0.0,NASDAQ-100,GEHC
2023-04-17 00:00:00-04:00,81.91877294010015,82.98550123509249,81.74929452081832,82.46709442138672,861000,0.0,0.0,NASDAQ-100,GEHC
2023-04-18 00:00:00-04:00,82.53689289123109,83.90270722514694,82.53689289123109,83.40423583984375,1522000,0.0,0.0,NASDAQ-100,GEHC
2023-04-19 00:00:00-04:00,83.53383191509998,86.61438128718856,83.49395329333602,85.48783874511719,2422900,0.0,0.0,NASDAQ-100,GEHC
2023-04-20 00:00:00-04:00,85.10900675483693,86.05609934103525,84.4211138116819,84.7401351928711,1634900,0.0,0.0,NASDAQ-100,GEHC
2023-04-21 00:00:00-04:00,84.93951366438424,86.25049572824955,84.82984936061996,86.21560668945312,1850600,0.0,0.0,NASDAQ-100,GEHC
2023-04-24 00:00:00-04:00,86.3352421184009,87.56148506872891,85.91652798163317,87.5216064453125,2692800,0.0,0.0,NASDAQ-100,GEHC
2023-04-25 00:00:00-04:00,83.24471067236425,83.24471067236425,78.53914018145841,80.14421844482422,7291400,0.0,0.0,NASDAQ-100,GEHC
2023-04-26 00:00:00-04:00,79.4862387614766,80.02458108511848,77.32286748669502,79.87504577636719,3489500,0.0,0.0,NASDAQ-100,GEHC
2023-04-27 00:00:00-04:00,80.57291035013412,81.29071032571882,80.37352484850253,81.27076721191406,1557000,0.0,0.0,NASDAQ-100,GEHC
2023-04-28 00:00:00-04:00,80.95174485250088,81.48013087687383,80.7623309100955,81.09131622314453,1617600,0.0,0.0,NASDAQ-100,GEHC
2023-05-01 00:00:00-04:00,80.83212115002011,81.47913146679304,80.47820312204433,80.53303527832031,1355800,0.0,0.0,NASDAQ-100,GEHC
2023-05-02 00:00:00-04:00,80.0943572035058,80.40341455219232,77.65185110859998,78.22010803222656,1879100,0.0,0.0,NASDAQ-100,GEHC
2023-05-03 00:00:00-04:00,78.23008664685636,80.17412166468486,77.78145791546399,79.46629333496094,1748900,0.0,0.0,NASDAQ-100,GEHC
2023-05-04 00:00:00-04:00,79.37657935505639,80.01462206526966,77.45247966786259,78.02073669433594,1751400,0.0,0.0,NASDAQ-100,GEHC
2023-05-05 00:00:00-04:00,78.25998966327604,79.28683926609084,78.25998966327604,78.74848937988281,1077400,0.0,0.0,NASDAQ-100,GEHC
2023-05-08 00:00:00-04:00,78.63882752632354,79.2469631051608,78.36965637791981,79.17717742919922,842300,0.0,0.0,NASDAQ-100,GEHC
2023-05-09 00:00:00-04:00,78.30985588013391,78.54912000990038,75.8872846987985,76.13652038574219,2499700,0.0,0.0,NASDAQ-100,GEHC
2023-05-10 00:00:00-04:00,76.2661175982184,76.52532483348037,74.74079646322512,75.66795349121094,1792900,0.0,0.0,NASDAQ-100,GEHC
2023-05-11 00:00:00-04:00,75.47853455378335,75.47853455378335,74.48159180557953,74.76073455810547,1504800,0.0,0.0,NASDAQ-100,GEHC
2023-05-12 00:00:00-04:00,74.66102616832748,74.78066201124177,74.04291905570551,74.69093322753906,2577500,0.0,0.0,NASDAQ-100,GEHC
2023-05-15 00:00:00-04:00,74.87039854598748,75.32899129545505,74.47161992721193,74.70092010498047,1187900,0.0,0.0,NASDAQ-100,GEHC
2023-05-16 00:00:00-04:00,75.03987738052507,78.03070562792227,74.99003480671018,77.54220581054688,2668900,0.0,0.0,NASDAQ-100,GEHC
2023-05-17 00:00:00-04:00,77.6917473823178,80.36355420740288,75.97301908651703,80.05450439453125,3716300,0.0,0.0,NASDAQ-100,GEHC
2023-05-18 00:00:00-04:00,80.17412926034724,80.88195765713053,78.97780107543139,79.44636535644531,1483500,0.0,0.0,NASDAQ-100,GEHC
2023-05-19 00:00:00-04:00,79.84512666519078,80.84107283882079,78.87809876278324,79.09741973876953,1311100,0.0,0.0,NASDAQ-100,GEHC
2023-05-22 00:00:00-04:00,79.13732261285628,79.20613792080746,78.49903856566557,78.86804962158203,1357700,0.03,0.0,NASDAQ-100,GEHC
2023-05-23 00:00:00-04:00,78.74836881020056,79.559193320805,76.8534597089506,76.98311614990234,1382400,0.0,0.0,NASDAQ-100,GEHC
2023-05-24 00:00:00-04:00,76.76371332417325,76.93325587970905,75.8760992287835,76.32489013671875,1431900,0.0,0.0,NASDAQ-100,GEHC
2023-05-25 00:00:00-04:00,76.32488126543689,79.84541885846579,75.40734889735633,79.64595794677734,3127800,0.0,0.0,NASDAQ-100,GEHC
2023-05-26 00:00:00-04:00,79.55620015816086,79.98504799301418,78.15995847161197,78.21979522705078,2243100,0.0,0.0,NASDAQ-100,GEHC
2023-05-30 00:00:00-04:00,78.04026120400968,78.83811995318776,77.20251636542315,77.75103759765625,1775800,0.0,0.0,NASDAQ-100,GEHC
2023-05-31 00:00:00-04:00,78.32950401986163,79.51631710785776,77.53463539111416,79.29690551757812,4501500,0.0,0.0,NASDAQ-100,GEHC
2023-06-01 00:00:00-04:00,79.51631263056692,79.88531609439914,78.67856002475627,79.61604309082031,2355500,0.0,0.0,NASDAQ-100,GEHC
2023-06-02 00:00:00-04:00,80.0847783518547,80.65325030061913,79.68584893313763,79.75566101074219,2404500,0.0,0.0,NASDAQ-100,GEHC
2023-06-05 00:00:00-04:00,79.69584454780329,80.50765839846137,78.56886808238254,80.27428436279297,1416700,0.0,0.0,NASDAQ-100,GEHC
2023-06-06 00:00:00-04:00,77.79093895095227,82.95705545743745,77.59147804850247,82.70772552490234,23800600,0.0,0.0,NASDAQ-100,GEHC
2023-06-07 00:00:00-04:00,81.27159268780152,82.03953323559647,79.97508144431198,80.2643051147461,3883900,0.0,0.0,NASDAQ-100,GEHC
2023-06-08 00:00:00-04:00,77.14268129518543,78.18987007836071,76.54429096577636,77.54161071777344,15048600,0.0,0.0,NASDAQ-100,GEHC
2023-06-09 00:00:00-04:00,77.89067613964986,78.2896055880022,76.85346261751232,76.89335632324219,4894700,0.0,0.0,NASDAQ-100,GEHC
2023-06-12 00:00:00-04:00,77.04295594455797,78.10011251683082,76.69389553002887,78.06021881103516,5545200,0.0,0.0,NASDAQ-100,GEHC
2023-06-13 00:00:00-04:00,78.09014002842873,78.23873513293148,76.4944223298319,77.58150482177734,4122300,0.0,0.0,NASDAQ-100,GEHC
2023-06-14 00:00:00-04:00,77.97046624634376,78.58880729311163,77.27234539430474,78.31952667236328,3322600,0.0,0.0,NASDAQ-100,GEHC
2023-06-15 00:00:00-04:00,78.44918491793484,78.95781257508273,78.01534559878932,78.88800048828125,3277900,0.0,0.0,NASDAQ-100,GEHC
2023-06-16 00:00:00-04:00,79.28692163685577,79.8853119764768,78.27962653964366,78.43920135498047,5388200,0.0,0.0,NASDAQ-100,GEHC
2023-06-20 00:00:00-04:00,78.14998396619269,78.94784288886758,77.54161824966609,78.68853759765625,3151100,0.0,0.0,NASDAQ-100,GEHC
2023-06-21 00:00:00-04:00,78.5788237364419,79.78557971658171,78.08016386321327,79.40660095214844,2805700,0.0,0.0,NASDAQ-100,GEHC
2023-06-22 00:00:00-04:00,79.72574501484605,80.53357159536719,79.36670928818198,79.9950180053711,2229200,0.0,0.0,NASDAQ-100,GEHC
2023-06-23 00:00:00-04:00,79.64596517991785,80.13464978419725,78.79824481483615,79.60607147216797,7973000,0.0,0.0,NASDAQ-100,GEHC
2023-06-26 00:00:00-04:00,79.80552765103768,80.08478358866245,77.53163970728862,77.59148406982422,2500700,0.0,0.0,NASDAQ-100,GEHC
2023-06-27 00:00:00-04:00,77.74106477369143,78.13999416112394,75.98778118694085,76.8634262084961,3250400,0.0,0.0,NASDAQ-100,GEHC
2023-06-28 00:00:00-04:00,77.2922828464253,77.3820379742109,76.13538825088146,76.98311614990234,2920500,0.0,0.0,NASDAQ-100,GEHC
2023-06-29 00:00:00-04:00,77.06289924007483,78.48906688882063,76.94322573125048,78.46912384033203,1908200,0.0,0.0,NASDAQ-100,GEHC
2023-06-30 00:00:00-04:00,79.20713329011438,81.19180508536934,79.10142220470576,81.02225494384766,3428300,0.0,0.0,NASDAQ-100,GEHC
2023-07-03 00:00:00-04:00,81.19181112000483,81.24167254620292,79.68585604420755,80.47373962402344,1086900,0.0,0.0,NASDAQ-100,GEHC
2023-07-05 00:00:00-04:00,80.15459718606219,81.07212960019244,79.72075788749963,80.43384552001953,2655900,0.0,0.0,NASDAQ-100,GEHC
2023-07-06 00:00:00-04:00,79.78559010693591,80.05486312561023,78.78827023059921,78.90795135498047,2595900,0.0,0.0,NASDAQ-100,GEHC
2023-07-07 00:00:00-04:00,78.76831692313145,79.89329195360295,78.09013919118267,79.40660095214844,2892600,0.0,0.0,NASDAQ-100,GEHC
2023-07-10 00:00:00-04:00,79.91522368428691,80.56348300184885,79.78557486435267,80.44380950927734,2263000,0.0,0.0,NASDAQ-100,GEHC
2023-07-11 00:00:00-04:00,80.28424066260624,81.22670753124422,79.99501701919539,81.04220581054688,1793100,0.0,0.0,NASDAQ-100,GEHC
2023-07-12 00:00:00-04:00,81.07212464916614,82.43845546709807,81.07212464916614,81.47105407714844,2124800,0.0,0.0,NASDAQ-100,GEHC
2023-07-13 00:00:00-04:00,81.51094871238091,81.78022170420239,80.68317147142302,81.18183135986328,1476300,0.0,0.0,NASDAQ-100,GEHC
2023-07-14 00:00:00-04:00,81.28155836771239,81.93979304482463,81.01228538731375,81.60070037841797,1774100,0.0,0.0,NASDAQ-100,GEHC
2023-07-17 00:00:00-04:00,81.52091817422729,82.1392591883309,80.86269106406841,80.97239685058594,2343200,0.0,0.0,NASDAQ-100,GEHC
2023-07-18 00:00:00-04:00,80.89061336665532,82.67281873795335,80.53357118566359,82.24896240234375,2844500,0.0,0.0,NASDAQ-100,GEHC
2023-07-19 00:00:00-04:00,82.5581295669096,82.71770438283613,81.44113629120787,81.53089141845703,2781700,0.0,0.0,NASDAQ-100,GEHC
2023-07-20 00:00:00-04:00,82.05966701630454,82.95259256658709,81.61071139647345,81.66059112548828,3113900,0.03,0.0,NASDAQ-100,GEHC
2023-07-21 00:00:00-04:00,81.89006664851199,82.94761134617379,81.83020031403345,82.43878936767578,7697300,0.0,0.0,NASDAQ-100,GEHC
2023-07-24 00:00:00-04:00,82.28913781736685,82.4886719561536,80.08424524155397,80.44341278076172,4335700,0.0,0.0,NASDAQ-100,GEHC
2023-07-25 00:00:00-04:00,80.65292290928058,82.15943071981053,78.3981583002698,80.02438354492188,4729500,0.0,0.0,NASDAQ-100,GEHC
2023-07-26 00:00:00-04:00,80.07427706045438,80.1221625154492,77.11114854953307,77.25082397460938,4148600,0.0,0.0,NASDAQ-100,GEHC
2023-07-27 00:00:00-04:00,77.81949781788994,78.68748726454633,76.07354754633472,76.68213653564453,3224700,0.0,0.0,NASDAQ-100,GEHC
2023-07-28 00:00:00-04:00,77.06126465384553,78.13876736269246,76.7120760755359,77.68981170654297,2910100,0.0,0.0,NASDAQ-100,GEHC
2023-07-31 00:00:00-04:00,77.54015293719175,77.84943314467986,76.09350374851896,77.81950378417969,3916200,0.0,0.0,NASDAQ-100,GEHC
2023-08-01 00:00:00-04:00,77.65986254668537,77.85441859379368,76.92157715242968,77.51021575927734,2126700,0.0,0.0,NASDAQ-100,GEHC
2023-08-02 00:00:00-04:00,77.14107191489043,77.60000650614941,75.97378126244436,76.41275787353516,3073000,0.0,0.0,NASDAQ-100,GEHC
2023-08-03 00:00:00-04:00,76.46264605644224,76.51253339567434,75.50486851475223,75.84407806396484,2053300,0.0,0.0,NASDAQ-100,GEHC
2023-08-04 00:00:00-04:00,75.80418957474159,76.61729853108028,75.45100481514753,75.72437286376953,1449600,0.0,0.0,NASDAQ-100,GEHC
2023-08-07 00:00:00-04:00,75.92389917460268,76.11346194061458,74.99605093783133,75.41507720947266,1668300,0.0,0.0,NASDAQ-100,GEHC
2023-08-08 00:00:00-04:00,75.11576442302504,75.2953481706043,73.15032218889047,73.7589111328125,2574900,0.0,0.0,NASDAQ-100,GEHC
2023-08-09 00:00:00-04:00,73.62922969531125,74.70672478820266,73.25010414456678,73.74894714355469,3028400,0.0,0.0,NASDAQ-100,GEHC
2023-08-10 00:00:00-04:00,74.07816696892293,74.40740509337977,71.95309906074726,72.13268280029297,3681600,0.0,0.0,NASDAQ-100,GEHC
2023-08-11 00:00:00-04:00,71.97306196808479,71.97306196808479,70.69602520289422,71.42433166503906,2897100,0.0,0.0,NASDAQ-100,GEHC
2023-08-14 00:00:00-04:00,71.33454128532978,71.70368780563386,70.68604393311529,71.63385009765625,2601100,0.0,0.0,NASDAQ-100,GEHC
2023-08-15 00:00:00-04:00,71.58397690350634,71.58397690350634,70.02758904003733,70.37677764892578,2476300,0.0,0.0,NASDAQ-100,GEHC
2023-08-16 00:00:00-04:00,71.04522109474458,72.11274483954789,70.25704821972303,70.5064697265625,3697400,0.0,0.0,NASDAQ-100,GEHC
2023-08-17 00:00:00-04:00,70.5363950131384,70.63616969950037,68.08208844108364,68.23174285888672,3791900,0.0,0.0,NASDAQ-100,GEHC
2023-08-18 00:00:00-04:00,68.0421793371171,68.59090965908571,67.73788481525084,68.20181274414062,2911000,0.0,0.0,NASDAQ-100,GEHC
2023-08-21 00:00:00-04:00,69.169561802021,69.33916656969066,68.44124778241161,68.81039428710938,2807800,0.0,0.0,NASDAQ-100,GEHC
2023-08-22 00:00:00-04:00,68.98998467968204,69.23940616615107,68.51109207649603,68.77049255371094,2170100,0.0,0.0,NASDAQ-100,GEHC
2023-08-23 00:00:00-04:00,68.80042342204926,69.36910411919236,68.65076900454005,68.83035278320312,2079500,0.0,0.0,NASDAQ-100,GEHC
2023-08-24 00:00:00-04:00,69.47885134947832,69.62850576949666,68.08208944887379,68.27165222167969,2623200,0.0,0.0,NASDAQ-100,GEHC
2023-08-25 00:00:00-04:00,68.25169064422037,68.73057557555812,67.45353894300582,68.43126678466797,3096600,0.0,0.0,NASDAQ-100,GEHC
2023-08-28 00:00:00-04:00,68.9001909332413,69.49880860707285,68.60088970806547,69.14961242675781,2438700,0.0,0.0,NASDAQ-100,GEHC
2023-08-29 00:00:00-04:00,69.1695619091083,70.33685252850874,69.1695619091083,70.31690216064453,2044300,0.0,0.0,NASDAQ-100,GEHC
2023-08-30 00:00:00-04:00,70.33685787735263,70.82572185046133,70.06748602613668,70.22711181640625,1889200,0.0,0.0,NASDAQ-100,GEHC
2023-08-31 00:00:00-04:00,70.34683837880743,70.96539879552918,69.69933812766482,70.28697204589844,3573300,0.0,0.0,NASDAQ-100,GEHC
2023-09-01 00:00:00-04:00,70.50645663688591,70.85564515928549,68.94009016920302,69.0897445678711,2096700,0.0,0.0,NASDAQ-100,GEHC
2023-09-05 00:00:00-04:00,68.97001734585115,68.99995431402932,67.25400414549706,67.50342559814453,3773500,0.0,0.0,NASDAQ-100,GEHC
2023-09-06 00:00:00-04:00,67.35378457372536,68.04218274369497,65.90713529417147,66.82501220703125,3140100,0.0,0.0,NASDAQ-100,GEHC
2023-09-07 00:00:00-04:00,67.93242434496916,68.01224103799133,65.67765985513405,65.74749755859375,2836900,0.0,0.0,NASDAQ-100,GEHC
2023-09-08 00:00:00-04:00,65.7674531706298,65.83729087965874,64.57023312677981,64.74981689453125,3103100,0.0,0.0,NASDAQ-100,GEHC
2023-09-11 00:00:00-04:00,65.16884089224364,67.19414199569617,65.04911584730834,66.46583557128906,3630500,0.0,0.0,NASDAQ-100,GEHC
2023-09-12 00:00:00-04:00,66.22639285740308,66.4658429739425,65.06908107442246,65.24866485595703,2381800,0.0,0.0,NASDAQ-100,GEHC
2023-09-13 00:00:00-04:00,64.96929956848791,65.78740158894428,64.06140187133819,64.38066101074219,3612800,0.0,0.0,NASDAQ-100,GEHC
2023-09-14 00:00:00-04:00,64.70991337028065,65.9071335034078,64.42058352223125,65.84727478027344,3945100,0.0,0.0,NASDAQ-100,GEHC
2023-09-15 00:00:00-04:00,65.84727038686646,66.34611334434273,65.42824412940388,66.27627563476562,6711100,0.0,0.0,NASDAQ-100,GEHC
2023-09-18 00:00:00-04:00,65.71758535248169,66.83498889945439,65.71758535248169,66.12663269042969,3205300,0.0,0.0,NASDAQ-100,GEHC
2023-09-19 00:00:00-04:00,66.34611314557777,66.59553462356867,65.19877282447177,65.96699523925781,3160400,0.0,0.0,NASDAQ-100,GEHC
2023-09-20 00:00:00-04:00,66.26629896613014,66.64542449860893,64.74981967143412,64.85956573486328,1796400,0.0,0.0,NASDAQ-100,GEHC
2023-09-21 00:00:00-04:00,64.47046338418089,64.7398352187648,63.642382288801414,63.742149353027344,2172500,0.0,0.0,NASDAQ-100,GEHC
2023-09-22 00:00:00-04:00,63.68229412477017,64.65503637479426,63.58850988233075,64.18113708496094,2277800,0.0,0.0,NASDAQ-100,GEHC
2023-09-25 00:00:00-04:00,63.85190712475012,66.88487362658461,63.85190712475012,66.326171875,3214500,0.0,0.0,NASDAQ-100,GEHC
2023-09-26 00:00:00-04:00,66.03683521373786,67.2490199847175,65.9669975019745,66.0567855834961,3619900,0.0,0.0,NASDAQ-100,GEHC
2023-09-27 00:00:00-04:00,66.21641785214862,68.25269519873004,65.9969257298764,68.12199401855469,5470000,0.0,0.0,NASDAQ-100,GEHC
2023-09-28 00:00:00-04:00,68.58093588409044,70.41668214577844,67.8526293414392,69.6185302734375,4817700,0.0,0.0,NASDAQ-100,GEHC
2023-09-29 00:00:00-04:00,69.9178333564674,70.03755079921706,67.77280703690559,67.88255310058594,3145800,0.0,0.0,NASDAQ-100,GEHC
2023-10-02 00:00:00-04:00,67.84264732806983,68.50112373518337,67.4136420478492,67.68301391601562,1942100,0.0,0.0,NASDAQ-100,GEHC
2023-10-03 00:00:00-04:00,67.19415115870969,67.37373494473223,66.24635249520969,66.82501220703125,2726100,0.0,0.0,NASDAQ-100,GEHC
2023-10-04 00:00:00-04:00,66.98463776639981,67.91248605551442,66.31618996987105,67.7229232788086,2084400,0.0,0.0,NASDAQ-100,GEHC
2023-10-05 00:00:00-04:00,68.18185851683494,68.52107571956905,66.47282493305663,67.44357299804688,1894300,0.0,0.0,NASDAQ-100,GEHC
2023-10-06 00:00:00-04:00,66.8549406876912,68.83035469614614,66.495773120383,68.30158233642578,2318600,0.0,0.0,NASDAQ-100,GEHC
2023-10-09 00:00:00-04:00,67.66306255296134,67.92246303787476,67.02454413758977,67.64311218261719,1600300,0.0,0.0,NASDAQ-100,GEHC
2023-10-10 00:00:00-04:00,67.8426409183468,68.4711802925112,67.4535440279013,68.0322036743164,2209000,0.0,0.0,NASDAQ-100,GEHC
2023-10-11 00:00:00-04:00,68.15192603163315,68.15192603163315,66.88486820156307,67.62315368652344,2032900,0.0,0.0,NASDAQ-100,GEHC
2023-10-12 00:00:00-04:00,67.56329344088608,67.75285620627025,66.01687718080831,66.35609436035156,2252100,0.0,0.0,NASDAQ-100,GEHC
2023-10-13 00:00:00-04:00,65.97696144742937,67.48346918771912,65.90712374353456,66.96467590332031,1984200,0.0,0.0,NASDAQ-100,GEHC
2023-10-16 00:00:00-04:00,67.47349174848301,67.53335807586762,66.17650470181474,66.72522735595703,1951500,0.0,0.0,NASDAQ-100,GEHC
2023-10-17 00:00:00-04:00,66.21641863015286,67.25401292197841,65.91710980322136,66.64542388916016,1596000,0.0,0.0,NASDAQ-100,GEHC
2023-10-18 00:00:00-04:00,66.14657941401883,66.32616318374448,64.93937275479998,65.07905578613281,1917700,0.0,0.0,NASDAQ-100,GEHC
2023-10-19 00:00:00-04:00,65.10899727539987,66.54632079934377,64.71971374583592,65.32858276367188,1669200,0.03,0.0,NASDAQ-100,GEHC
2023-10-20 00:00:00-04:00,65.40843692784131,65.40843692784131,63.74153669988679,63.93118667602539,2575000,0.0,0.0,NASDAQ-100,GEHC
2023-10-23 00:00:00-04:00,63.83137303012442,64.42027872798788,63.24246733226095,63.871299743652344,2412500,0.0,0.0,NASDAQ-100,GEHC
2023-10-24 00:00:00-04:00,63.901237813907095,64.93930949954489,63.841351552410885,64.55003356933594,2511200,0.0,0.0,NASDAQ-100,GEHC
2023-10-25 00:00:00-04:00,64.08090495944523,64.86944041103716,63.86131565203527,64.39033508300781,3179600,0.0,0.0,NASDAQ-100,GEHC
2023-10-26 00:00:00-04:00,64.00105620198323,64.61990119013613,63.4620570213316,63.79144287109375,3484900,0.0,0.0,NASDAQ-100,GEHC
2023-10-27 00:00:00-04:00,64.08090628586201,64.20068642796964,62.60365594274493,62.982948303222656,2606400,0.0,0.0,NASDAQ-100,GEHC
2023-10-30 00:00:00-04:00,63.422134692615,63.55189080210744,62.23433969677067,63.052818298339844,4484200,0.0,0.0,NASDAQ-100,GEHC
2023-10-31 00:00:00-04:00,66.56629045276833,67.57441138898828,65.64799129324547,66.4465103149414,7555100,0.0,0.0,NASDAQ-100,GEHC
2023-11-01 00:00:00-04:00,66.62617502510727,68.32301838414446,65.87756631696,68.15333557128906,4523300,0.0,0.0,NASDAQ-100,GEHC
2023-11-02 00:00:00-04:00,69.47088545658845,69.63059230036328,68.15333445641188,69.12153625488281,3115900,0.0,0.0,NASDAQ-100,GEHC
2023-11-03 00:00:00-04:00,69.81026691793642,71.76663029325339,69.50083677547198,71.43724060058594,4022500,0.0,0.0,NASDAQ-100,GEHC
2023-11-06 00:00:00-05:00,71.53705585524656,71.82651884146361,70.62874779492097,70.9581298828125,2350100,0.0,0.0,NASDAQ-100,GEHC
2023-11-07 00:00:00-05:00,71.11783813488813,71.3274476913513,70.54889573441874,70.56885528564453,1912900,0.0,0.0,NASDAQ-100,GEHC
2023-11-08 00:00:00-05:00,71.02800392870564,71.02800392870564,69.39603467379881,69.86016845703125,2062100,0.0,0.0,NASDAQ-100,GEHC
2023-11-09 00:00:00-05:00,69.99991233109631,70.00989591425156,67.92377633412387,68.18328857421875,1981500,0.0,0.0,NASDAQ-100,GEHC
2023-11-10 00:00:00-05:00,68.42284273497289,69.4409472833569,68.26313587979939,69.39103698730469,2773300,0.0,0.0,NASDAQ-100,GEHC
2023-11-13 00:00:00-05:00,69.44094833935566,70.4191338040637,69.22135521777372,69.88013458251953,1993200,0.0,0.0,NASDAQ-100,GEHC
2023-11-14 00:00:00-05:00,70.86829526401709,72.23575666059864,70.54888916743684,72.0760498046875,2634400,0.0,0.0,NASDAQ-100,GEHC
2023-11-15 00:00:00-05:00,71.86644974664158,72.4952784404372,71.34242202752371,71.38733673095703,2780100,0.0,0.0,NASDAQ-100,GEHC
2023-11-16 00:00:00-05:00,71.86642873252119,72.52520798455154,71.36735631076756,71.78657531738281,2946600,0.0,0.0,NASDAQ-100,GEHC
2023-11-17 00:00:00-05:00,72.39545650238311,73.24288064282554,71.89139601280705,72.86458587646484,2920000,0.0,0.0,NASDAQ-100,GEHC
2023-11-20 00:00:00-05:00,72.95440185536906,73.35366130979322,72.63499581487785,73.19396209716797,1787600,0.0,0.0,NASDAQ-100,GEHC
2023-11-21 00:00:00-05:00,73.36365373152577,73.55330370866146,72.4553381728671,73.2438735961914,1469300,0.0,0.0,NASDAQ-100,GEHC
2023-11-22 00:00:00-05:00,73.61319373199616,74.04239638650087,73.05423496901031,73.46347045898438,1123300,0.0,0.0,NASDAQ-100,GEHC
2023-11-24 00:00:00-05:00,73.68306163197724,73.7030211807389,73.2548565854804,73.5732650756836,558900,0.0,0.0,NASDAQ-100,GEHC
2023-11-27 00:00:00-05:00,71.12780625008148,71.3823304528838,70.41912429941914,71.00802612304688,4253600,0.0,0.0,NASDAQ-100,GEHC
2023-11-28 00:00:00-05:00,70.56884868686653,70.65369771355961,67.97866880011907,68.00361633300781,5167900,0.0,0.0,NASDAQ-100,GEHC
2023-11-29 00:00:00-05:00,68.17330586635867,68.71529786489137,67.33486011479275,67.58439636230469,3762900,0.0,0.0,NASDAQ-100,GEHC
2023-11-30 00:00:00-05:00,67.58439149448876,68.55259328353833,66.26684050713297,68.33300018310547,3324600,0.0,0.0,NASDAQ-100,GEHC
2023-12-01 00:00:00-05:00,68.2232110927005,69.54076222412283,68.03156590717684,69.28125,1898200,0.0,0.0,NASDAQ-100,GEHC
2023-12-04 00:00:00-05:00,68.76221240012406,69.63558932541329,68.64243225173996,69.24132537841797,1478700,0.0,0.0,NASDAQ-100,GEHC
2023-12-05 00:00:00-05:00,68.78217098063979,68.92191066202481,67.5943760736256,67.80398559570312,1896200,0.0,0.0,NASDAQ-100,GEHC
2023-12-06 00:00:00-05:00,68.26314038602133,68.55260336869998,67.73911270384868,67.92377471923828,1579700,0.0,0.0,NASDAQ-100,GEHC
2023-12-07 00:00:00-05:00,67.97366609528322,68.16331606296046,66.8757082294891,67.26498413085938,2089200,0.0,0.0,NASDAQ-100,GEHC
2023-12-08 00:00:00-05:00,67.05538030737772,68.50268748759854,66.92562420098805,68.39289093017578,1893700,0.0,0.0,NASDAQ-100,GEHC
2023-12-11 00:00:00-05:00,69.03171515714656,71.17772091759777,68.96183769317196,70.99805450439453,3051300,0.0,0.0,NASDAQ-100,GEHC
2023-12-12 00:00:00-05:00,71.16773500774137,72.26069728552494,71.10784113487941,71.91634368896484,2407200,0.0,0.0,NASDAQ-100,GEHC
2023-12-13 00:00:00-05:00,72.47531666496029,74.13223357891545,72.38547964560672,74.04240417480469,2628600,0.0,0.0,NASDAQ-100,GEHC
2023-12-14 00:00:00-05:00,74.20208876447052,76.15845948448363,74.20208876447052,75.77915954589844,4271300,0.0,0.0,NASDAQ-100,GEHC
2023-12-15 00:00:00-05:00,76.23831099047678,76.44792052288645,74.3468296001244,74.87085723876953,5638000,0.0,0.0,NASDAQ-100,GEHC
2023-12-18 00:00:00-05:00,74.8608824686957,75.37492658576132,74.41172021998064,74.92076873779297,1945800,0.0,0.0,NASDAQ-100,GEHC
2023-12-19 00:00:00-05:00,75.00061588898038,75.6993143540459,74.86087619596728,75.54959869384766,2441800,0.0,0.0,NASDAQ-100,GEHC
2023-12-20 00:00:00-05:00,75.22020303492981,76.44791704247025,74.74109011463302,75.30005645751953,2162200,0.0,0.0,NASDAQ-100,GEHC
2023-12-21 00:00:00-05:00,75.93887242032135,77.46603303162469,75.93887242032135,77.04681396484375,2992100,0.0,0.0,NASDAQ-100,GEHC
2023-12-22 00:00:00-05:00,77.15661679084725,77.56585230873935,76.84718664144906,77.43609619140625,2193700,0.0,0.0,NASDAQ-100,GEHC
2023-12-26 00:00:00-05:00,77.55585470621398,78.17969526084968,77.43608219347826,77.99504089355469,1413900,0.0,0.0,NASDAQ-100,GEHC
2023-12-27 00:00:00-05:00,77.93516014128183,78.14476966861395,77.23645410159972,77.52591705322266,1365000,0.0,0.0,NASDAQ-100,GEHC
2023-12-28 00:00:00-05:00,77.68561924530762,77.82036332357488,77.1066933767627,77.39615631103516,1569500,0.0,0.0,NASDAQ-100,GEHC
2023-12-29 00:00:00-05:00,77.01687545948363,77.49598081736886,76.7174288993736,77.17657470703125,1786900,0.0,0.0,NASDAQ-100,GEHC
2024-01-02 00:00:00-05:00,76.43794204505527,77.26640418063229,75.56456521441773,76.22833251953125,2003100,0.0,0.0,NASDAQ-100,GEHC
2024-01-03 00:00:00-05:00,76.09856713423393,76.53775333917599,75.29506016305116,75.96881103515625,2692400,0.0,0.0,NASDAQ-100,GEHC
2024-01-04 00:00:00-05:00,75.8590133320606,76.80724795261483,75.70929007217275,76.4279556274414,2395900,0.0,0.0,NASDAQ-100,GEHC
2024-01-05 00:00:00-05:00,75.85902209726292,77.3063293411796,75.44977898063247,76.47787475585938,2377200,0.0,0.0,NASDAQ-100,GEHC
2024-01-08 00:00:00-05:00,76.8571665123233,77.3063287250647,76.16844401189383,77.21649932861328,1880600,0.0,0.0,NASDAQ-100,GEHC
2024-01-09 00:00:00-05:00,76.86714860449402,77.51594437773002,74.26198954452137,76.5177993774414,3507200,0.0,0.0,NASDAQ-100,GEHC
2024-01-10 00:00:00-05:00,76.19839224866914,76.46789568656207,74.74110133619725,76.0287094116211,3020600,0.0,0.0,NASDAQ-100,GEHC
2024-01-11 00:00:00-05:00,76.05864835711135,76.18341648605363,74.6412842399853,76.10855865478516,2305500,0.0,0.0,NASDAQ-100,GEHC
2024-01-12 00:00:00-05:00,76.16846403773772,76.35818866223866,75.28975349469998,76.05862426757812,1888300,0.03,0.0,NASDAQ-100,GEHC
2024-01-16 00:00:00-05:00,75.78903028759449,75.78903028759449,74.43101809554021,74.86038970947266,2831600,0.0,0.0,NASDAQ-100,GEHC
2024-01-17 00:00:00-05:00,74.1314502938689,74.1314502938689,71.91469497489823,72.64363098144531,3766900,0.0,0.0,NASDAQ-100,GEHC
2024-01-18 00:00:00-05:00,72.64362769113362,73.65215304029617,72.31410837632222,73.4124984741211,2421500,0.0,0.0,NASDAQ-100,GEHC
2024-01-19 00:00:00-05:00,73.33761173855424,74.01162783138354,73.09296722390557,74.00164031982422,3704200,0.0,0.0,NASDAQ-100,GEHC
2024-01-22 00:00:00-05:00,74.17139427544578,75.33968179451585,74.06155449656846,74.53086853027344,2414900,0.0,0.0,NASDAQ-100,GEHC
2024-01-23 00:00:00-05:00,74.52088186125924,74.62074174736088,72.5787259211216,73.56228637695312,2850400,0.0,0.0,NASDAQ-100,GEHC
2024-01-24 00:00:00-05:00,73.53232146677684,73.59223129570546,71.20572661235896,71.44538116455078,3594400,0.0,0.0,NASDAQ-100,GEHC
2024-01-25 00:00:00-05:00,72.22424688112834,72.99311769875068,71.3155737511534,72.76345825195312,2126500,0.0,0.0,NASDAQ-100,GEHC
2024-01-26 00:00:00-05:00,72.89326284322236,73.18283973308961,72.36403900314188,73.04304504394531,2334500,0.0,0.0,NASDAQ-100,GEHC
2024-01-29 00:00:00-05:00,72.80340351838383,74.31119029482109,72.39399931378527,74.27124786376953,2160100,0.0,0.0,NASDAQ-100,GEHC
2024-01-30 00:00:00-05:00,73.62219806283404,74.4110362498936,73.01308937289758,73.89179992675781,1673900,0.0,0.0,NASDAQ-100,GEHC
2024-01-31 00:00:00-05:00,73.82190523536096,74.3611166008217,72.84333476806417,73.25273895263672,3129600,0.0,0.0,NASDAQ-100,GEHC
2024-02-01 00:00:00-05:00,73.25273689827733,75.02014553141034,72.88327515316404,74.24128723144531,2593600,0.0,0.0,NASDAQ-100,GEHC
2024-02-02 00:00:00-05:00,73.9217529502551,74.25127225635535,72.41395872211305,73.80193328857422,2446600,0.0,0.0,NASDAQ-100,GEHC
2024-02-05 00:00:00-05:00,73.11294869468121,73.46243544768602,72.50383994591287,73.30267333984375,3365700,0.0,0.0,NASDAQ-100,GEHC
2024-02-06 00:00:00-05:00,76.6377755706896,82.98847654014331,76.44805095228732,81.84015655517578,12511200,0.0,0.0,NASDAQ-100,GEHC
2024-02-07 00:00:00-05:00,81.92004206052032,82.38736006706077,80.05277363117179,81.7103500366211,4278100,0.0,0.0,NASDAQ-100,GEHC
2024-02-08 00:00:00-05:00,81.41079383170009,82.01990256063524,80.31839160081485,81.94001770019531,2483800,0.0,0.0,NASDAQ-100,GEHC
2024-02-09 00:00:00-05:00,82.1696926327968,82.62901919692318,80.49214849422029,81.22107696533203,2755000,0.0,0.0,NASDAQ-100,GEHC
2024-02-12 00:00:00-05:00,81.50065662673232,83.18818030033934,81.27098958451668,83.04838562011719,2304300,0.0,0.0,NASDAQ-100,GEHC
2024-02-13 00:00:00-05:00,82.22959391914434,82.59606171377739,81.04133900753844,82.18965148925781,2529800,0.0,0.0,NASDAQ-100,GEHC
2024-02-14 00:00:00-05:00,82.47921938828738,83.31799508785898,82.21959743148679,83.04838562011719,2214800,0.0,0.0,NASDAQ-100,GEHC
2024-02-15 00:00:00-05:00,83.8172675149791,85.61463103003587,83.80229005705488,85.50479125976562,2346100,0.0,0.0,NASDAQ-100,GEHC
2024-02-16 00:00:00-05:00,83.38789404492839,87.16236572059387,83.36791902265863,85.89421844482422,13130900,0.0,0.0,NASDAQ-100,GEHC
2024-02-20 00:00:00-05:00,85.80435303286293,86.68306354993571,85.45486632824527,86.26367950439453,6372600,0.0,0.0,NASDAQ-100,GEHC
2024-02-21 00:00:00-05:00,82.8786427147859,85.08541048011136,81.94001468475777,84.85575103759766,5839800,0.0,0.0,NASDAQ-100,GEHC
2024-02-22 00:00:00-05:00,85.32505576189547,87.97118257336491,84.8807067258399,87.51185607910156,4154900,0.0,0.0,NASDAQ-100,GEHC
2024-02-23 00:00:00-05:00,87.2722095502643,89.59880456745196,87.10744989094525,88.93976593017578,3815600,0.0,0.0,NASDAQ-100,GEHC
2024-02-26 00:00:00-05:00,88.80995915268437,90.57736780184283,88.6601769509701,90.48750305175781,3805100,0.0,0.0,NASDAQ-100,GEHC
2024-02-27 00:00:00-05:00,89.8783952944909,92.44463730089072,89.35815334951445,92.38471984863281,3993400,0.0,0.0,NASDAQ-100,GEHC
2024-02-28 00:00:00-05:00,92.11510906827635,93.82160974756225,91.8654746263569,92.88397979736328,3431900,0.0,0.0,NASDAQ-100,GEHC
2024-02-29 00:00:00-05:00,93.17356848744977,93.20352340536307,88.74006541677271,91.14653778076172,6144000,0.0,0.0,NASDAQ-100,GEHC
2024-03-01 00:00:00-05:00,90.91687805902131,92.92393373559746,90.44256646601598,92.58443450927734,2695900,0.0,0.0,NASDAQ-100,GEHC
2024-03-04 00:00:00-05:00,92.80412107495864,93.36329989854626,92.28987463150072,92.59442901611328,2615200,0.0,0.0,NASDAQ-100,GEHC
2024-03-05 00:00:00-05:00,92.58442376489731,93.36328201088276,91.38617386333317,91.67575073242188,2804900,0.0,0.0,NASDAQ-100,GEHC
2024-03-06 00:00:00-05:00,91.42613307545467,93.94245299799823,91.31629329052079,92.96388244628906,2521200,0.0,0.0,NASDAQ-100,GEHC
2024-03-07 00:00:00-05:00,93.06373228304054,93.41322665408754,91.85550229862731,92.52452850341797,3014400,0.0,0.0,NASDAQ-100,GEHC
2024-03-08 00:00:00-05:00,92.66431475312078,94.36182603664304,92.3547628418043,93.73274993896484,2852400,0.0,0.0,NASDAQ-100,GEHC
2024-03-11 00:00:00-04:00,93.67282683698721,93.92246128234171,91.9952830594754,92.864013671875,2123200,0.0,0.0,NASDAQ-100,GEHC
2024-03-12 00:00:00-04:00,92.05521464709489,92.36475896904628,91.56592557390994,91.68575286865234,3042200,0.0,0.0,NASDAQ-100,GEHC
2024-03-13 00:00:00-04:00,87.43197865837304,89.23433992562728,86.4234608348354,88.35063934326172,14434500,0.0,0.0,NASDAQ-100,GEHC
2024-03-14 00:00:00-04:00,87.97118437946322,88.90981241036366,87.63168516213118,88.20085144042969,4859000,0.0,0.0,NASDAQ-100,GEHC
2024-03-15 00:00:00-04:00,88.1209664089915,89.59880579824407,87.80143459756383,89.2792739868164,7309500,0.0,0.0,NASDAQ-100,GEHC
2024-03-18 00:00:00-04:00,89.76854763774224,90.8269952430754,89.36314306788415,90.47750854492188,2843900,0.0,0.0,NASDAQ-100,GEHC
2024-03-19 00:00:00-04:00,90.46753307420279,90.86694976163814,90.22788610903744,90.64727020263672,2996500,0.0,0.0,NASDAQ-100,GEHC
2024-03-20 00:00:00-04:00,90.3477140115379,90.9767901561897,90.01819467080804,90.75711059570312,2016900,0.0,0.0,NASDAQ-100,GEHC
2024-03-21 00:00:00-04:00,91.11658033125292,92.04522085196129,90.98677315115539,91.066650390625,2754900,0.0,0.0,NASDAQ-100,GEHC
2024-03-22 00:00:00-04:00,91.32626679685957,91.76562586921231,89.23932643966178,89.59880065917969,6178000,0.0,0.0,NASDAQ-100,GEHC
2024-03-25 00:00:00-04:00,89.6786864522506,89.96826335773348,88.12096976450509,88.15092468261719,2436000,0.0,0.0,NASDAQ-100,GEHC
2024-03-26 00:00:00-04:00,88.35063225585849,89.21236938370208,87.57176633410322,88.93976593017578,2845200,0.0,0.0,NASDAQ-100,GEHC
2024-03-27 00:00:00-04:00,89.82846128503695,90.5573972449482,89.58381677681051,90.17794799804688,2629100,0.0,0.0,NASDAQ-100,GEHC
2024-03-28 00:00:00-04:00,90.06811573593536,91.0167313140196,89.51892446063992,90.77708435058594,2108000,0.0,0.0,NASDAQ-100,GEHC
2024-04-01 00:00:00-04:00,91.17648980460382,91.32627200765553,89.05959441136915,89.39909362792969,1958200,0.0,0.0,NASDAQ-100,GEHC
2024-04-02 00:00:00-04:00,88.72009422434354,89.10952341051424,87.73154379931326,87.9811782836914,3010700,0.0,0.0,NASDAQ-100,GEHC
2024-04-03 00:00:00-04:00,88.12096772396725,89.91833895146858,87.98117303052153,88.89982604980469,4403900,0.0,0.0,NASDAQ-100,GEHC
2024-04-04 00:00:00-04:00,90.01819076021663,90.70717671207376,87.74152562905864,87.83139038085938,2728200,0.0,0.0,NASDAQ-100,GEHC
2024-04-05 00:00:00-04:00,87.83138839965734,89.36913760333357,87.72154862666338,88.34064483642578,1591900,0.0,0.0,NASDAQ-100,GEHC
2024-04-08 00:00:00-04:00,88.60026949620622,88.71509921936628,87.49189183929929,87.58175659179688,1692400,0.0,0.0,NASDAQ-100,GEHC
2024-04-09 00:00:00-04:00,88.0011440421012,88.11098382262941,86.32360003377191,86.8128890991211,4173400,0.0,0.0,NASDAQ-100,GEHC
2024-04-10 00:00:00-04:00,85.25515683677814,86.57322646229845,85.1153621506047,85.26514434814453,2926100,0.0,0.0,NASDAQ-100,GEHC
2024-04-11 00:00:00-04:00,86.35355792944152,88.78998513998344,85.48482724420246,88.08102416992188,3071000,0.0,0.0,NASDAQ-100,GEHC
2024-04-12 00:00:00-04:00,86.9426925771195,87.40201908598866,85.92917724222265,86.15384674072266,2226800,0.0,0.0,NASDAQ-100,GEHC
2024-04-15 00:00:00-04:00,87.47191063759686,87.78146253911787,85.39495016429498,86.00405883789062,1983600,0.0,0.0,NASDAQ-100,GEHC
2024-04-16 00:00:00-04:00,85.70451035383529,86.31361908633453,85.22520880663077,85.75443267822266,1868200,0.0,0.0,NASDAQ-100,GEHC
2024-04-17 00:00:00-04:00,85.94415554340401,86.12389266761383,85.03549002862735,85.06544494628906,1711600,0.0,0.0,NASDAQ-100,GEHC
2024-04-18 00:00:00-04:00,85.24523276429281,86.02936473955543,84.52603867109305,84.87564849853516,1815300,0.03,0.0,NASDAQ-100,GEHC
2024-04-19 00:00:00-04:00,84.90562269866383,85.51494601241048,84.00662046355211,84.39618682861328,1891800,0.0,0.0,NASDAQ-100,GEHC
2024-04-22 00:00:00-04:00,84.71582204359906,84.9855264953768,84.08652435765538,84.21637725830078,2113700,0.0,0.0,NASDAQ-100,GEHC
2024-04-23 00:00:00-04:00,84.89562926977054,86.55378974779279,84.69585438802187,86.14424133300781,1951300,0.0,0.0,NASDAQ-100,GEHC
2024-04-24 00:00:00-04:00,86.01438734343085,87.18308639094508,85.70473399432619,86.62371063232422,2020300,0.0,0.0,NASDAQ-100,GEHC
2024-04-25 00:00:00-04:00,85.90450838203749,86.57876193224249,84.64590531141893,85.85456085205078,1362900,0.0,0.0,NASDAQ-100,GEHC
2024-04-26 00:00:00-04:00,85.26522118402113,86.80351216044025,85.06544630227246,86.14424133300781,1790600,0.0,0.0,NASDAQ-100,GEHC
2024-04-29 00:00:00-04:00,86.20418690562111,89.0809865897697,86.20418690562111,88.84125518798828,4353000,0.0,0.0,NASDAQ-100,GEHC
2024-04-30 00:00:00-04:00,80.95001530168392,82.20861835024914,75.99552372655526,76.15534210205078,14433600,0.0,0.0,NASDAQ-100,GEHC
2024-05-01 00:00:00-04:00,76.4350299169389,79.04213241938689,76.4150554778632,78.17310333251953,5303300,0.0,0.0,NASDAQ-100,GEHC
2024-05-02 00:00:00-04:00,79.10206645698929,79.28186688208497,77.10428734300282,77.74357604980469,2995700,0.0,0.0,NASDAQ-100,GEHC
2024-05-03 00:00:00-04:00,78.4128279525958,79.97109317767199,78.4128279525958,79.38175201416016,2722700,0.0,0.0,NASDAQ-100,GEHC
2024-05-06 00:00:00-04:00,79.5116051554936,79.91116249213876,78.56266314926839,79.71138763427734,2389700,0.0,0.0,NASDAQ-100,GEHC
2024-05-07 00:00:00-04:00,79.91117184894905,81.5893067626139,79.58153643605056,81.33958435058594,3225500,0.0,0.0,NASDAQ-100,GEHC
2024-05-08 00:00:00-04:00,80.9200481726591,81.48441561124287,80.16088994708994,81.01993560791016,2748400,0.0,0.0,NASDAQ-100,GEHC
2024-05-09 00:00:00-04:00,81.40950028805044,82.66810328525779,81.0698814909039,82.63813781738281,1952700,0.0,0.0,NASDAQ-100,GEHC
2024-05-10 00:00:00-04:00,83.07764796896876,83.386302971941,82.61815965771211,83.3073959350586,1856300,0.0,0.0,NASDAQ-100,GEHC
2024-05-13 00:00:00-04:00,83.79685027506477,83.90672874380789,80.49052804540295,80.94002532958984,1885300,0.0,0.0,NASDAQ-100,GEHC
2024-05-14 00:00:00-04:00,80.91005813291879,81.59929440015381,80.21083845668248,80.43058776855469,2500700,0.0,0.0,NASDAQ-100,GEHC
2024-05-15 00:00:00-04:00,81.09985189345126,82.1486814375065,80.0510147284729,81.81905364990234,1956200,0.0,0.0,NASDAQ-100,GEHC
2024-05-16 00:00:00-04:00,81.40950276726245,81.8739827753149,80.81017052874326,81.21971130371094,1627100,0.0,0.0,NASDAQ-100,GEHC
2024-05-17 00:00:00-04:00,80.91005833047673,81.78907844288052,80.33070052822467,81.76910400390625,1321000,0.0,0.0,NASDAQ-100,GEHC
2024-05-20 00:00:00-04:00,81.87899004692775,82.57820978957093,81.37954519620443,81.65923309326172,1248500,0.0,0.0,NASDAQ-100,GEHC
2024-05-21 00:00:00-04:00,81.65922282412356,81.90894521808113,81.00994307564936,81.84901428222656,1150200,0.0,0.0,NASDAQ-100,GEHC
2024-05-22 00:00:00-04:00,81.47942918832695,81.7990735744035,80.28076464577072,80.53048706054688,1633600,0.0,0.0,NASDAQ-100,GEHC
2024-05-23 00:00:00-04:00,80.89008997419346,80.89008997419346,79.14203302696293,79.2419204711914,2034900,0.0,0.0,NASDAQ-100,GEHC
2024-05-24 00:00:00-04:00,79.75134624988337,80.17088569611032,78.82238618853518,79.76133728027344,1433900,0.0,0.0,NASDAQ-100,GEHC
2024-05-28 00:00:00-04:00,79.28187383243828,79.63148368385043,78.41283709813678,78.66255950927734,1854800,0.0,0.0,NASDAQ-100,GEHC
2024-05-29 00:00:00-04:00,77.98331681696439,78.8323715186479,77.82349843144586,78.3628921508789,2397000,0.0,0.0,NASDAQ-100,GEHC
2024-05-30 00:00:00-04:00,77.9133832126325,78.84235077885079,76.85456275125853,78.48274993896484,2751700,0.0,0.0,NASDAQ-100,GEHC
2024-05-31 00:00:00-04:00,78.64258389613734,78.64258389613734,76.8246050749977,77.91339111328125,7002100,0.0,0.0,NASDAQ-100,GEHC
2024-06-03 00:00:00-04:00,77.97332431051503,78.71250814493332,76.1653364671701,77.06433868408203,3059500,0.0,0.0,NASDAQ-100,GEHC
2024-06-04 00:00:00-04:00,76.96445008307683,77.73359175539592,76.16533531987606,77.43392181396484,1967200,0.0,0.0,NASDAQ-100,GEHC
2024-06-05 00:00:00-04:00,77.37398703330604,77.69363139853498,76.5349234324261,76.87454223632812,2637500,0.0,0.0,NASDAQ-100,GEHC
2024-06-06 00:00:00-04:00,76.56488754796605,77.06433233611857,75.67587643472838,76.91449737548828,2474900,0.0,0.0,NASDAQ-100,GEHC
2024-06-07 00:00:00-04:00,76.63480904934143,76.94446237742537,75.82571093612981,76.2552261352539,2357000,0.0,0.0,NASDAQ-100,GEHC
2024-06-10 00:00:00-04:00,75.88564565351399,75.92560215282622,75.13647843848669,75.69585418701172,2116100,0.0,0.0,NASDAQ-100,GEHC
2024-06-11 00:00:00-04:00,75.4661110546298,75.4661110546298,74.42726497365301,74.6570053100586,2655600,0.0,0.0,NASDAQ-100,GEHC
2024-06-12 00:00:00-04:00,75.11649375706679,76.14535643137592,74.9267099181103,75.8856430053711,3081600,0.0,0.0,NASDAQ-100,GEHC
2024-06-13 00:00:00-04:00,75.08653167585344,77.24413693520728,75.05656620629404,76.90451049804688,2530200,0.0,0.0,NASDAQ-100,GEHC
2024-06-14 00:00:00-04:00,76.11538092942327,76.52492930440694,75.02659497413543,76.40505981445312,2576800,0.0,0.0,NASDAQ-100,GEHC
2024-06-17 00:00:00-04:00,76.17532910382128,77.77355106707353,75.87565915155747,77.46389770507812,2190500,0.0,0.0,NASDAQ-100,GEHC
2024-06-18 00:00:00-04:00,77.22415705240529,78.63259512879605,77.0843131099028,78.18309020996094,2032500,0.0,0.0,NASDAQ-100,GEHC
2024-06-20 00:00:00-04:00,77.91339542620501,80.01106224041814,77.7635604492776,79.35179901123047,3408100,0.0,0.0,NASDAQ-100,GEHC
2024-06-21 00:00:00-04:00,79.7413554235678,80.01105225162866,78.40283944995662,79.08208465576172,5198000,0.0,0.0,NASDAQ-100,GEHC
2024-06-24 00:00:00-04:00,79.241906228497,79.5515595362262,78.57265208944004,78.76243591308594,2270100,0.0,0.0,NASDAQ-100,GEHC
2024-06-25 00:00:00-04:00,78.89230543038411,79.19196774341088,78.28298215336312,78.72248840332031,1848500,0.0,0.0,NASDAQ-100,GEHC
2024-06-26 00:00:00-04:00,78.7724368044605,79.20195965005013,77.87842631820016,77.91339111328125,2426200,0.0,0.0,NASDAQ-100,GEHC
2024-06-27 00:00:00-04:00,77.92338472205466,79.012170796368,77.80351521899676,78.73248291015625,2192600,0.0,0.0,NASDAQ-100,GEHC
2024-06-28 00:00:00-04:00,79.12204941677842,79.5595666259724,77.14425214862942,77.83348083496094,9422500,0.0,0.0,NASDAQ-100,GEHC
2024-07-01 00:00:00-04:00,78.26299126630806,78.26299126630806,76.13535936218528,76.1753158569336,3081400,0.0,0.0,NASDAQ-100,GEHC
2024-07-02 00:00:00-04:00,76.17532491831052,76.62482220108481,75.59596710692625,76.24524688720703,2171300,0.0,0.0,NASDAQ-100,GEHC
2024-07-03 00:00:00-04:00,76.28520670587892,77.26411431302238,76.22526814355753,77.15423583984375,1346700,0.0,0.0,NASDAQ-100,GEHC
2024-07-05 00:00:00-04:00,77.1142778400859,77.1642253708959,76.46500566509526,76.97443389892578,1689500,0.0,0.0,NASDAQ-100,GEHC
2024-07-08 00:00:00-04:00,76.91450811089092,77.55379691928158,76.22527176834448,76.26522827148438,1662000,0.0,0.0,NASDAQ-100,GEHC
2024-07-09 00:00:00-04:00,76.2652258068523,76.91450562527635,75.65590249027689,76.78465270996094,2152500,0.0,0.0,NASDAQ-100,GEHC
2024-07-10 00:00:00-04:00,76.8445788747795,79.13203702216649,76.8445788747795,79.0521240234375,2475300,0.0,0.0,NASDAQ-100,GEHC
2024-07-11 00:00:00-04:00,79.10207481849385,80.63037478289522,79.10207481849385,79.85124206542969,2540600,0.0,0.0,NASDAQ-100,GEHC
2024-07-12 00:00:00-04:00,80.20084796358483,81.23469475043451,79.85123812312655,80.19085693359375,2579000,0.0,0.0,NASDAQ-100,GEHC
2024-07-15 00:00:00-04:00,80.16088308026971,80.54045835007733,79.76132575256992,80.1009521484375,2483200,0.0,0.0,NASDAQ-100,GEHC
2024-07-16 00:00:00-04:00,80.36066244643838,82.8678773881521,80.10095664663316,82.54823303222656,3524300,0.0,0.0,NASDAQ-100,GEHC
2024-07-17 00:00:00-04:00,82.4982951118915,83.52715788509856,81.8689973562708,82.37843322753906,2567800,0.0,0.0,NASDAQ-100,GEHC
2024-07-18 00:00:00-04:00,81.85899982523117,83.41227346098265,80.8001792859397,80.89008331298828,3233900,0.0,0.0,NASDAQ-100,GEHC
2024-07-19 00:00:00-04:00,81.16987111762093,81.32475515577161,79.85084858067263,80.38045501708984,2428200,0.03,0.0,NASDAQ-100,GEHC
2024-07-22 00:00:00-04:00,81.01998560537879,81.31975896813965,80.04070765670006,81.16987609863281,2439400,0.0,0.0,NASDAQ-100,GEHC
2024-07-23 00:00:00-04:00,80.82013076135978,81.14988832865743,80.44041477776533,80.76017761230469,1529000,0.0,0.0,NASDAQ-100,GEHC
2024-07-24 00:00:00-04:00,80.940047551356,81.42968274140006,79.571058817358,79.63101959228516,2517000,0.0,0.0,NASDAQ-100,GEHC
2024-07-25 00:00:00-04:00,80.35048262539034,80.99999538384688,79.67098566956525,79.86083984375,2512400,0.0,0.0,NASDAQ-100,GEHC
2024-07-26 00:00:00-04:00,80.68023464763797,81.62753861633227,79.94078452542702,80.44041442871094,2532900,0.0,0.0,NASDAQ-100,GEHC
2024-07-29 00:00:00-04:00,80.62027684143364,82.39795926373186,80.4603916222206,81.98926544189453,2790400,0.0,0.0,NASDAQ-100,GEHC
2024-07-30 00:00:00-04:00,82.47890984591203,84.01777094677867,80.94004874504539,82.58882904052734,5269100,0.0,0.0,NASDAQ-100,GEHC
2024-07-31 00:00:00-04:00,80.04070671891847,88.18467543699988,79.9407822658356,84.56735229492188,8043400,0.0,0.0,NASDAQ-100,GEHC
2024-08-01 00:00:00-04:00,84.0377432390756,84.93707853656505,82.15913765834513,83.33826446533203,3561600,0.0,0.0,NASDAQ-100,GEHC
2024-08-02 00:00:00-04:00,82.73870924174335,83.46816458017872,80.73518859061969,83.37823486328125,2986200,0.0,0.0,NASDAQ-100,GEHC
2024-08-05 00:00:00-04:00,81.90931957567236,82.30902498406628,79.68096706990514,81.45964813232422,3589100,0.0,0.0,NASDAQ-100,GEHC
2024-08-06 00:00:00-04:00,82.04922232748739,82.86861505393955,81.10991568115911,81.48963928222656,2686700,0.0,0.0,NASDAQ-100,GEHC
2024-08-07 00:00:00-04:00,82.16914087030106,82.59882291101427,78.72168981143993,79.2812728881836,2401200,0.0,0.0,NASDAQ-100,GEHC
2024-08-08 00:00:00-04:00,79.86083875497259,82.33900633176845,79.62101854552364,82.25906372070312,1632600,0.0,0.0,NASDAQ-100,GEHC
2024-08-09 00:00:00-04:00,82.25906210834466,83.40821234270639,81.25480880666709,83.33826446533203,1584300,0.0,0.0,NASDAQ-100,GEHC
2024-08-12 00:00:00-04:00,83.13841613296742,83.13841613296742,81.64952109716151,82.30903625488281,1564400,0.0,0.0,NASDAQ-100,GEHC
2024-08-13 00:00:00-04:00,83.1284261868946,84.42745936804329,82.45891631891119,84.10769653320312,1766200,0.0,0.0,NASDAQ-100,GEHC
2024-08-14 00:00:00-04:00,84.12768667389022,84.16765798153445,82.6887500936879,83.40821838378906,1904600,0.0,0.0,NASDAQ-100,GEHC
2024-08-15 00:00:00-04:00,83.90784484709083,85.87638783116051,83.90784484709083,85.23686218261719,2319400,0.0,0.0,NASDAQ-100,GEHC
2024-08-16 00:00:00-04:00,84.86712941427386,85.08696777529613,84.09770277444268,84.73722839355469,1341700,0.0,0.0,NASDAQ-100,GEHC
2024-08-19 00:00:00-04:00,84.63730124168141,85.54663131082,84.08771293092205,85.52664184570312,1439000,0.0,0.0,NASDAQ-100,GEHC
2024-08-20 00:00:00-04:00,85.09696680780625,85.63656038190713,83.77793657501302,83.87786865234375,1464200,0.0,0.0,NASDAQ-100,GEHC
2024-08-21 00:00:00-04:00,84.57734280215719,84.57734280215719,83.47815862566287,84.41746520996094,984300,0.0,0.0,NASDAQ-100,GEHC
2024-08-22 00:00:00-04:00,84.71724105936109,84.71724105936109,83.88785363056176,84.30754852294922,944800,0.0,0.0,NASDAQ-100,GEHC
2024-08-23 00:00:00-04:00,84.93707774207354,85.50665548786463,83.88785196752569,84.71723937988281,1511800,0.0,0.0,NASDAQ-100,GEHC
2024-08-26 00:00:00-04:00,84.5773502139421,85.35677165060042,84.10769688063583,84.42745971679688,1475100,0.0,0.0,NASDAQ-100,GEHC
2024-08-27 00:00:00-04:00,84.46742521136495,84.6372975386904,83.9677953377629,84.34751892089844,1208100,0.0,0.0,NASDAQ-100,GEHC
2024-08-28 00:00:00-04:00,84.35750930600783,84.35750930600783,83.26831979864596,83.86787414550781,1131300,0.0,0.0,NASDAQ-100,GEHC
2024-08-29 00:00:00-04:00,84.18764120232287,84.93708607949488,83.61806340062203,84.01776885986328,1264700,0.0,0.0,NASDAQ-100,GEHC
2024-08-30 00:00:00-04:00,84.38748853023816,84.81717055667161,83.52812447737124,84.75721740722656,1838600,0.0,0.0,NASDAQ-100,GEHC
2024-09-03 00:00:00-04:00,84.49740056857763,85.50365890091668,84.2675750993247,84.73722839355469,1963900,0.0,0.0,NASDAQ-100,GEHC
2024-09-04 00:00:00-04:00,84.14765992332585,87.65506366754617,84.14765992332585,87.48519134521484,2008000,0.0,0.0,NASDAQ-100,GEHC
2024-09-05 00:00:00-04:00,87.3353067595244,88.43449099859937,86.61583849431253,87.22538757324219,2321000,0.0,0.0,NASDAQ-100,GEHC
2024-09-06 00:00:00-04:00,87.16543874641276,87.68505050607392,84.94708069329711,85.02701568603516,2696500,0.0,0.0,NASDAQ-100,GEHC
2024-09-09 00:00:00-04:00,85.29681943033916,86.3960037151314,84.65729375105103,85.05699920654297,1659600,0.0,0.0,NASDAQ-100,GEHC
2024-09-10 00:00:00-04:00,85.1469267802528,85.66654614638794,84.77719790910845,85.48667907714844,1558900,0.0,0.0,NASDAQ-100,GEHC
2024-09-11 00:00:00-04:00,85.19689365216983,87.34530377136768,83.07846010751354,87.1254653930664,2630300,0.0,0.0,NASDAQ-100,GEHC
2024-09-12 00:00:00-04:00,86.95557931679386,87.40525077454066,85.97630903980595,87.39525604248047,1394300,0.0,0.0,NASDAQ-100,GEHC
2024-09-13 00:00:00-04:00,86.5458916188549,87.08549282402711,85.64655627690121,86.84567260742188,10515100,0.0,0.0,NASDAQ-100,GEHC
2024-09-16 00:00:00-04:00,87.08549132149086,87.18541577470673,85.79145173653978,86.57586669921875,4680200,0.0,0.0,NASDAQ-100,GEHC
2024-09-17 00:00:00-04:00,86.57586329837031,88.12471894548928,86.28607705880465,86.72575378417969,3144200,0.0,0.0,NASDAQ-100,GEHC
2024-09-18 00:00:00-04:00,87.35529090878536,89.62361495063433,86.93061006306287,88.46446990966797,3508400,0.0,0.0,NASDAQ-100,GEHC
2024-09-19 00:00:00-04:00,89.60361618365269,90.72278980112388,88.70428092173357,90.55291748046875,3128100,0.0,0.0,NASDAQ-100,GEHC
2024-09-20 00:00:00-04:00,90.28312079317355,91.06254221208988,89.5286823938373,90.21317291259766,9492300,0.0,0.0,NASDAQ-100,GEHC
2024-09-23 00:00:00-04:00,90.43301289819367,91.54618674194137,90.26314056001796,90.81272888183594,2908800,0.0,0.0,NASDAQ-100,GEHC
2024-09-24 00:00:00-04:00,90.93264306107761,92.27164755224858,89.73353433394695,92.1417465209961,3537800,0.0,0.0,NASDAQ-100,GEHC
2024-09-25 00:00:00-04:00,92.72131610809005,93.460766212292,92.0817904573618,92.94115447998047,4044700,0.0,0.0,NASDAQ-100,GEHC
2024-09-26 00:00:00-04:00,90.95261863234674,92.65136477303686,89.31383326050242,92.4215316772461,5273200,0.0,0.0,NASDAQ-100,GEHC
2024-09-27 00:00:00-04:00,92.61139720905283,94.48001575216321,91.82198106379487,91.92190551757812,12623800,0.0,0.0,NASDAQ-100,GEHC
2024-09-30 00:00:00-04:00,92.44152833387672,94.25018617338901,92.32161441060202,93.78053283691406,3977300,0.0,0.0,NASDAQ-100,GEHC
2024-10-01 00:00:00-04:00,93.75055238880819,93.75055238880819,91.08253060208952,91.60214233398438,2615400,0.0,0.0,NASDAQ-100,GEHC
2024-10-02 00:00:00-04:00,91.56217007916923,92.41154698358169,90.90266259460736,90.97261047363281,1763400,0.0,0.0,NASDAQ-100,GEHC
2024-10-03 00:00:00-04:00,90.44299980941531,90.77274972449028,89.45372719295035,89.81346130371094,2592900,0.0,0.0,NASDAQ-100,GEHC
2024-10-04 00:00:00-04:00,90.57291161066799,91.40229911052485,89.85344330350287,91.35233306884766,1988600,0.0,0.0,NASDAQ-100,GEHC
2024-10-07 00:00:00-04:00,90.93264623599583,91.23242724011905,89.64859367095681,89.99333953857422,2623400,0.0,0.0,NASDAQ-100,GEHC
2024-10-08 00:00:00-04:00,90.17319992610332,90.94962519790465,89.79348395630069,90.62287139892578,2075400,0.0,0.0,NASDAQ-100,GEHC
2024-10-09 00:00:00-04:00,90.73278876201339,90.95261950406547,89.9283843546563,90.70280456542969,2122900,0.0,0.0,NASDAQ-100,GEHC
2024-10-10 00:00:00-04:00,90.23315542740127,90.79273842890564,89.72852439149425,90.18318939208984,2269300,0.0,0.0,NASDAQ-100,GEHC
2024-10-11 00:00:00-04:00,90.61287657080248,91.54218846515734,90.32309032162225,90.96261596679688,1372100,0.0,0.0,NASDAQ-100,GEHC
2024-10-14 00:00:00-04:00,90.98260728103975,91.7320521264396,90.50295922553508,91.55218505859375,1342800,0.0,0.0,NASDAQ-100,GEHC
2024-10-15 00:00:00-04:00,91.82198734489172,91.88694167498026,90.54293595197905,90.64286041259766,2474300,0.0,0.0,NASDAQ-100,GEHC
2024-10-16 00:00:00-04:00,90.97261386827942,91.05255648264787,89.89840500004007,90.1532211303711,1823100,0.0,0.0,NASDAQ-100,GEHC
2024-10-17 00:00:00-04:00,90.6728344838236,90.85270155746785,90.19319403660391,90.75277709960938,1711100,0.0,0.0,NASDAQ-100,GEHC
2024-10-18 00:00:00-04:00,90.02306970657368,91.54245072237944,89.9481035097892,91.30254364013672,1609500,0.03,0.0,NASDAQ-100,GEHC
2024-10-21 00:00:00-04:00,90.85273301545992,91.41250096597022,89.48329199222849,89.76318359375,1675400,0.0,0.0,NASDAQ-100,GEHC
2024-10-22 00:00:00-04:00,89.2234015428399,89.52327395366149,87.65904082243568,89.27337646484375,2210200,0.0,0.0,NASDAQ-100,GEHC
2024-10-23 00:00:00-04:00,88.6136504939862,90.32294839142912,88.0738710064359,89.25338745117188,2116600,0.0,0.0,NASDAQ-100,GEHC
2024-10-24 00:00:00-04:00,89.5232736816243,89.9431072575246,88.5636682426321,88.8635482788086,1291700,0.0,0.0,NASDAQ-100,GEHC
2024-10-25 00:00:00-04:00,89.22340282629712,89.61324230435923,88.26379737058524,88.38374328613281,2035500,0.0,0.0,NASDAQ-100,GEHC
2024-10-28 00:00:00-04:00,86.62447180622107,86.92933943059053,84.86519129634213,85.89476776123047,4223700,0.0,0.0,NASDAQ-100,GEHC
2024-10-29 00:00:00-04:00,85.62487822206513,86.66444505220615,84.97514323352746,85.23503112792969,3762300,0.0,0.0,NASDAQ-100,GEHC
2024-10-30 00:00:00-04:00,89.69321473056495,90.12303873885035,85.76482569595026,87.16424560546875,4700400,0.0,0.0,NASDAQ-100,GEHC
2024-10-31 00:00:00-04:00,86.08469465110932,88.10885832609405,85.96474110411272,87.3141860961914,3259500,0.0,0.0,NASDAQ-100,GEHC
2024-11-01 00:00:00-04:00,87.17424031499255,88.40373933289435,86.684443365348,86.91434478759766,3383300,0.0,0.0,NASDAQ-100,GEHC
2024-11-04 00:00:00-05:00,87.56408094377637,87.88394943313314,86.51451603788685,86.95433044433594,1431700,0.0,0.0,NASDAQ-100,GEHC
2024-11-05 00:00:00-05:00,86.77440706244404,88.15384616873483,86.77440706244404,88.13385009765625,1656200,0.0,0.0,NASDAQ-100,GEHC
2024-11-06 00:00:00-05:00,89.88312713934629,89.96309616624238,85.04011257552766,86.74441528320312,4163100,0.0,0.0,NASDAQ-100,GEHC
2024-11-07 00:00:00-05:00,87.07428409483344,88.84355501051922,86.90035183806269,88.29378509521484,2497300,0.0,0.0,NASDAQ-100,GEHC
2024-11-08 00:00:00-05:00,88.76359011934888,89.0734605617291,85.80479717260667,85.9047622680664,10190500,0.0,0.0,NASDAQ-100,GEHC
2024-11-11 00:00:00-05:00,86.96432858200478,87.11426860481323,84.43536714344334,85.35498809814453,4367000,0.0,0.0,NASDAQ-100,GEHC
2024-11-12 00:00:00-05:00,85.38497259253673,85.87477716407577,84.68526267071834,84.88517761230469,3918900,0.0,0.0,NASDAQ-100,GEHC
2024-11-13 00:00:00-05:00,85.08510194707029,85.36998112606005,83.22086114117954,84.1454849243164,3014800,0.0,0.0,NASDAQ-100,GEHC
2024-11-14 00:00:00-05:00,83.61570564790512,84.65528017079838,82.66609056507384,82.88600158691406,3061100,0.0,0.0,NASDAQ-100,GEHC
2024-11-15 00:00:00-05:00,82.77604347574591,82.78604151086091,81.48657149149801,81.72647857666016,3768400,0.0,0.0,NASDAQ-100,GEHC
2024-11-18 00:00:00-05:00,81.86641748810086,83.45076662546559,81.85142424912469,82.68608093261719,2918000,0.0,0.0,NASDAQ-100,GEHC
2024-11-19 00:00:00-05:00,81.96637685382876,83.19587586219332,81.67649484980353,82.48616027832031,2513600,0.0,0.0,NASDAQ-100,GEHC
2024-11-20 00:00:00-05:00,82.46617118437945,85.25502807049403,82.37621174914969,84.86518859863281,6103400,0.0,0.0,NASDAQ-100,GEHC
2024-11-21 00:00:00-05:00,84.56530964611561,85.22504268465606,81.80643920304266,81.96637725830078,4930600,0.0,0.0,NASDAQ-100,GEHC
2024-11-22 00:00:00-05:00,81.92639007039111,82.5461385748883,80.52696263762498,82.40619659423828,5934900,0.0,0.0,NASDAQ-100,GEHC
2024-11-25 00:00:00-05:00,83.32582384813215,83.46576583943826,81.86642334860653,82.62611389160156,5272900,0.0,0.0,NASDAQ-100,GEHC
2024-11-26 00:00:00-05:00,82.74605934651775,83.3957943746506,82.35621985489135,82.4761734008789,2040900,0.0,0.0,NASDAQ-100,GEHC
2024-11-27 00:00:00-05:00,82.81602525428929,83.8705929492303,82.68408322544819,82.9659652709961,1808000,0.0,0.0,NASDAQ-100,GEHC
2024-11-29 00:00:00-05:00,83.21586904871481,83.47576458890629,82.85601603191633,83.18588256835938,1277700,0.0,0.0,NASDAQ-100,GEHC
2024-12-02 00:00:00-05:00,82.85601204966096,83.21586504916405,82.35621706438069,83.04593658447266,2247000,0.0,0.0,NASDAQ-100,GEHC
2024-12-03 00:00:00-05:00,82.44618862963388,83.02594504825613,82.00036470629378,82.53614807128906,2026700,0.0,0.0,NASDAQ-100,GEHC
2024-12-04 00:00:00-05:00,82.58612792027897,83.17588235520661,82.46617437573107,82.97596740722656,1932700,0.0,0.0,NASDAQ-100,GEHC
2024-12-05 00:00:00-05:00,82.7260725796433,83.29583858867242,81.32664501980798,81.53156280517578,2269200,0.0,0.0,NASDAQ-100,GEHC
2024-12-06 00:00:00-05:00,81.33663950559641,81.93639196898864,80.4370069973749,81.2066879272461,3177200,0.0,0.0,NASDAQ-100,GEHC
2024-12-09 00:00:00-05:00,81.32664503197535,82.08633558621675,81.0267649740134,81.86642456054688,2372600,0.0,0.0,NASDAQ-100,GEHC
2024-12-10 00:00:00-05:00,82.38620586967816,82.96596989927828,81.61152209536534,82.32623291015625,3124600,0.0,0.0,NASDAQ-100,GEHC
2024-12-11 00:00:00-05:00,82.01636213655767,83.29583610989734,81.74646856721063,82.71607208251953,3890100,0.0,0.0,NASDAQ-100,GEHC
2024-12-12 00:00:00-05:00,82.29624465946257,82.58612666802466,80.80685010240913,81.59652709960938,2370000,0.0,0.0,NASDAQ-100,GEHC
2024-12-13 00:00:00-05:00,81.3666296310214,81.45658907274164,80.58695063104594,81.0667495727539,2836000,0.0,0.0,NASDAQ-100,GEHC
2024-12-16 00:00:00-05:00,80.72688858698868,81.74646700682362,80.0571575071903,80.257080078125,2908800,0.0,0.0,NASDAQ-100,GEHC
2024-12-17 00:00:00-05:00,80.30705583307375,80.79686041723801,79.17752189409026,79.2175064086914,3557100,0.0,0.0,NASDAQ-100,GEHC
2024-12-18 00:00:00-05:00,79.33745931263394,80.33704929080173,76.9484398749142,77.05838775634766,3264100,0.0,0.0,NASDAQ-100,GEHC
2024-12-19 00:00:00-05:00,77.27830084847169,78.14794689830383,76.91844783655954,77.39825439453125,3384400,0.0,0.0,NASDAQ-100,GEHC
2024-12-20 00:00:00-05:00,77.53819288791705,78.99759331428544,76.85947045097228,78.87764739990234,11179900,0.0,0.0,NASDAQ-100,GEHC
2024-12-23 00:00:00-05:00,78.74769495474537,79.31746092057212,77.49820751861076,79.24748992919922,2495700,0.0,0.0,NASDAQ-100,GEHC
2024-12-24 00:00:00-05:00,79.50738774371766,79.7572852381499,78.70271750659515,79.32746124267578,1035700,0.0,0.0,NASDAQ-100,GEHC
2024-12-26 00:00:00-05:00,79.06756427289142,80.14712325947843,78.94261552795123,79.67731475830078,1622000,0.0,0.0,NASDAQ-100,GEHC
2024-12-27 00:00:00-05:00,79.2874771961044,79.83725473760484,78.8576531980949,79.47740173339844,1533000,0.0,0.0,NASDAQ-100,GEHC
2024-12-30 00:00:00-05:00,79.08756297860478,79.12754749347017,77.56818191878554,78.5677719116211,1850600,0.0,0.0,NASDAQ-100,GEHC
2024-12-31 00:00:00-05:00,78.967605032746,79.23749096021226,77.93802861771148,78.14794158935547,1877800,0.0,0.0,NASDAQ-100,GEHC
2025-01-02 00:00:00-05:00,78.8876417642409,78.8876417642409,77.68813680266625,78.34786224365234,2658500,0.0,0.0,NASDAQ-100,GEHC
2025-01-03 00:00:00-05:00,78.51779833921317,80.58694935494701,78.3578602769987,80.48698425292969,2712600,0.0,0.0,NASDAQ-100,GEHC
2025-01-06 00:00:00-05:00,80.48698038968757,82.3662143991748,80.3870229187346,81.68649291992188,3746500,0.0,0.0,NASDAQ-100,GEHC
2025-01-07 00:00:00-05:00,81.84642843218224,83.40579405572207,81.41660441674583,83.33582305908203,3382000,0.0,0.0,NASDAQ-100,GEHC
2025-01-08 00:00:00-05:00,84.61529181415574,87.26420673888437,84.25543881771063,86.2246322631836,4432600,0.0,0.0,NASDAQ-100,GEHC
2025-01-10 00:00:00-05:00,85.34499116119993,86.03471069923452,84.36539723527618,84.72525024414062,3792000,0.0,0.0,NASDAQ-100,GEHC
2025-01-13 00:00:00-05:00,85.10509355339403,85.50992629062871,83.86260694319604,85.32500457763672,2903800,0.0,0.0,NASDAQ-100,GEHC
2025-01-14 00:00:00-05:00,85.88999938964844,85.98999786376953,83.81999969482422,84.12999725341797,2821300,0.035,0.0,NASDAQ-100,GEHC
2025-01-15 00:00:00-05:00,85.22000122070312,86.25,82.86000061035156,83.66000366210938,4148700,0.0,0.0,NASDAQ-100,GEHC
2025-01-16 00:00:00-05:00,83.76000213623047,85.3499984741211,83.37899780273438,85.0,2115900,0.0,0.0,NASDAQ-100,GEHC
2025-01-17 00:00:00-05:00,86.33999633789062,86.33999633789062,84.58000183105469,84.73999786376953,2855000,0.0,0.0,NASDAQ-100,GEHC
2025-01-21 00:00:00-05:00,85.13999938964844,87.62000274658203,84.63999938964844,87.33999633789062,2861800,0.0,0.0,NASDAQ-100,GEHC
2025-01-22 00:00:00-05:00,87.22000122070312,88.2699966430664,86.75299835205078,87.33000183105469,2381200,0.0,0.0,NASDAQ-100,GEHC
2025-01-23 00:00:00-05:00,87.33000183105469,88.66999816894531,86.86000061035156,88.16000366210938,1696900,0.0,0.0,NASDAQ-100,GEHC
2025-01-24 00:00:00-05:00,87.51000213623047,88.77999877929688,87.0199966430664,88.66999816894531,2008400,0.0,0.0,NASDAQ-100,GEHC
2025-01-27 00:00:00-05:00,88.87999725341797,89.69000244140625,88.16999816894531,88.98999786376953,2376800,0.0,0.0,NASDAQ-100,GEHC
2025-01-28 00:00:00-05:00,88.75,89.31999969482422,87.69999694824219,87.77999877929688,2406800,0.0,0.0,NASDAQ-100,GEHC
2025-01-29 00:00:00-05:00,87.79000091552734,88.61000061035156,87.54000091552734,87.8499984741211,1336100,0.0,0.0,NASDAQ-100,GEHC
2025-01-30 00:00:00-05:00,88.55000305175781,89.75,88.41000366210938,89.55000305175781,1618700,0.0,0.0,NASDAQ-100,GEHC
2025-01-31 00:00:00-05:00,89.12999725341797,89.80000305175781,88.22000122070312,88.30000305175781,1775500,0.0,0.0,NASDAQ-100,GEHC
2025-02-03 00:00:00-05:00,87.41000366210938,88.48999786376953,86.36000061035156,87.51000213623047,2142300,0.0,0.0,NASDAQ-100,GEHC
2025-02-04 00:00:00-05:00,87.69000244140625,88.02999877929688,86.76000213623047,86.93000030517578,2488900,0.0,0.0,NASDAQ-100,GEHC
2025-02-05 00:00:00-05:00,87.01000213623047,87.79000091552734,86.30000305175781,87.16999816894531,2346900,0.0,0.0,NASDAQ-100,GEHC
2025-02-06 00:00:00-05:00,87.51000213623047,90.73999786376953,87.36499786376953,88.55000305175781,3252700,0.0,0.0,NASDAQ-100,GEHC
2025-02-07 00:00:00-05:00,88.80000305175781,89.36000061035156,87.49800109863281,87.63999938964844,1671400,0.0,0.0,NASDAQ-100,GEHC
2025-02-10 00:00:00-05:00,88.0,88.27999877929688,86.86499786376953,87.5,2036400,0.0,0.0,NASDAQ-100,GEHC
2025-02-11 00:00:00-05:00,86.80999755859375,87.9800033569336,86.73500061035156,87.02999877929688,2392400,0.0,0.0,NASDAQ-100,GEHC
2025-02-12 00:00:00-05:00,85.94000244140625,86.66999816894531,85.5,85.9000015258789,3656300,0.0,0.0,NASDAQ-100,GEHC
2025-02-13 00:00:00-05:00,90.0,94.80000305175781,89.63999938964844,93.4800033569336,7832700,0.0,0.0,NASDAQ-100,GEHC
2025-02-14 00:00:00-05:00,93.19999694824219,93.20999908447266,91.18000030517578,92.20999908447266,3946400,0.0,0.0,NASDAQ-100,GEHC
2025-02-18 00:00:00-05:00,92.25,93.26000213623047,92.125,92.66999816894531,3262700,0.0,0.0,NASDAQ-100,GEHC
2025-02-19 00:00:00-05:00,92.27999877929688,93.1500015258789,91.5999984741211,92.5199966430664,3284000,0.0,0.0,NASDAQ-100,GEHC
2025-02-20 00:00:00-05:00,92.33000183105469,93.13999938964844,91.54000091552734,92.08999633789062,2341200,0.0,0.0,NASDAQ-100,GEHC
2025-02-21 00:00:00-05:00,91.54000091552734,91.73999786376953,90.43000030517578,91.08999633789062,2854700,0.0,0.0,NASDAQ-100,GEHC
2025-02-24 00:00:00-05:00,90.63999938964844,91.69999694824219,90.37100219726562,90.56999969482422,2769000,0.0,0.0,NASDAQ-100,GEHC
2025-02-25 00:00:00-05:00,91.08999633789062,91.38999938964844,90.01000213623047,90.80999755859375,2310900,0.0,0.0,NASDAQ-100,GEHC
2025-02-26 00:00:00-05:00,90.37000274658203,91.6500015258789,90.15499877929688,90.70999908447266,1845500,0.0,0.0,NASDAQ-100,GEHC
2025-02-27 00:00:00-05:00,90.11000061035156,92.197998046875,89.27999877929688,89.4000015258789,3926200,0.0,0.0,NASDAQ-100,GEHC
2025-02-28 00:00:00-05:00,89.95999908447266,90.26000213623047,85.88999938964844,87.3499984741211,4214400,0.0,0.0,NASDAQ-100,GEHC
2025-03-03 00:00:00-05:00,87.48999786376953,88.9800033569336,86.29000091552734,86.44999694824219,3556300,0.0,0.0,NASDAQ-100,GEHC
2025-03-04 00:00:00-05:00,86.62000274658203,86.62000274658203,82.70999908447266,84.30999755859375,3998900,0.0,0.0,NASDAQ-100,GEHC
2025-03-05 00:00:00-05:00,84.0,85.48799896240234,83.79000091552734,84.76000213623047,3111100,0.0,0.0,NASDAQ-100,GEHC
2025-03-06 00:00:00-05:00,84.0,85.87000274658203,83.62000274658203,85.41000366210938,3946100,0.0,0.0,NASDAQ-100,GEHC
2025-03-07 00:00:00-05:00,85.5,86.94000244140625,84.69999694824219,86.58000183105469,4076700,0.0,0.0,NASDAQ-100,GEHC
2025-03-10 00:00:00-04:00,85.7750015258789,87.33999633789062,84.87000274658203,85.36000061035156,3552100,0.0,0.0,NASDAQ-100,GEHC
2025-03-11 00:00:00-04:00,87.33999633789062,89.2300033569336,84.94000244140625,85.58999633789062,4276600,0.0,0.0,NASDAQ-100,GEHC
2025-03-12 00:00:00-04:00,85.72000122070312,86.08999633789062,83.75499725341797,83.79000091552734,2819700,0.0,0.0,NASDAQ-100,GEHC
2025-03-13 00:00:00-04:00,83.63999938964844,84.12000274658203,81.16000366210938,81.44999694824219,3605700,0.0,0.0,NASDAQ-100,GEHC
2025-03-14 00:00:00-04:00,82.1500015258789,82.33000183105469,80.4010009765625,81.97000122070312,5206800,0.0,0.0,NASDAQ-100,GEHC
